risk_title,mitigation
Ambiguous requirements in module 10,Use user stories and get early validation from users
Poor communication in module 5,Use collaboration tools and conduct daily stand-ups
Delayed approvals in module 9,Engage stakeholders early and get sign-offs scheduled
Delayed approvals in module 2,Engage stakeholders early and get sign-offs scheduled
Poor communication in module 8,Use collaboration tools and conduct daily stand-ups
Insufficient testing in module 9,Implement test-driven development and increase test coverage
Inadequate QA in module 7,Increase QA staff and automate regression testing
Scope creep in module 9,Establish a strict change control process
Unclear objectives in module 1,Host alignment workshops with stakeholders
Security concerns in module 4,Conduct a vulnerability assessment and use secure coding practices
Lack of documentation in module 7,Enforce documentation standards and assign accountability
Delayed approvals in module 3,Engage stakeholders early and get sign-offs scheduled
Technology debt in module 8,Allocate sprint capacity to refactor critical components
Insufficient testing in module 10,Implement test-driven development and increase test coverage
Staff turnover in module 8,Document processes and develop internal talent pool
Performance issues in module 10,Optimize architecture and run performance benchmarks
Insufficient testing in module 5,Implement test-driven development and increase test coverage
Delayed approvals in module 4,Engage stakeholders early and get sign-offs scheduled
Scope creep in module 10,Establish a strict change control process
Poor communication in module 9,Use collaboration tools and conduct daily stand-ups
Security concerns in module 4,Conduct a vulnerability assessment and use secure coding practices
Delayed approvals in module 6,Engage stakeholders early and get sign-offs scheduled
Supplier delays in module 1,Maintain buffer stock and develop secondary vendors
Insufficient testing in module 4,Implement test-driven development and increase test coverage
Lack of documentation in module 1,Enforce documentation standards and assign accountability
Overlapping roles in module 2,Clarify responsibilities with a RACI matrix
Over-ambitious deadlines in module 4,Re-baseline schedule using evidence-based estimation
Client indecisiveness in module 1,Schedule regular feedback checkpoints and align expectations
Budget cuts in module 10,Re-prioritize project scope based on ROI
Unclear objectives in module 6,Host alignment workshops with stakeholders
Overlapping roles in module 1,Clarify responsibilities with a RACI matrix
Performance issues in module 7,Optimize architecture and run performance benchmarks
Lack of stakeholder engagement in module 8,Involve them in demo sessions and retrospectives
Staff turnover in module 6,Document processes and develop internal talent pool
Budget cuts in module 9,Re-prioritize project scope based on ROI
Ambiguous requirements in module 10,Use user stories and get early validation from users
Lack of documentation in module 9,Enforce documentation standards and assign accountability
Budget cuts in module 1,Re-prioritize project scope based on ROI
Insufficient testing in module 8,Implement test-driven development and increase test coverage
Technology debt in module 1,Allocate sprint capacity to refactor critical components
Poor communication in module 7,Use collaboration tools and conduct daily stand-ups
Ambiguous requirements in module 2,Use user stories and get early validation from users
Ambiguous requirements in module 8,Use user stories and get early validation from users
Overlapping roles in module 2,Clarify responsibilities with a RACI matrix
Budget cuts in module 7,Re-prioritize project scope based on ROI
Insufficient testing in module 9,Implement test-driven development and increase test coverage
Budget cuts in module 10,Re-prioritize project scope based on ROI
Inadequate QA in module 8,Increase QA staff and automate regression testing
Over-ambitious deadlines in module 2,Re-baseline schedule using evidence-based estimation
Lack of documentation in module 3,Enforce documentation standards and assign accountability
Poor communication in module 1,Use collaboration tools and conduct daily stand-ups
Over-ambitious deadlines in module 6,Re-baseline schedule using evidence-based estimation
Supplier delays in module 2,Maintain buffer stock and develop secondary vendors
Over-ambitious deadlines in module 7,Re-baseline schedule using evidence-based estimation
Over-ambitious deadlines in module 10,Re-baseline schedule using evidence-based estimation
Delayed approvals in module 10,Engage stakeholders early and get sign-offs scheduled
Supplier delays in module 9,Maintain buffer stock and develop secondary vendors
Security concerns in module 9,Conduct a vulnerability assessment and use secure coding practices
Overlapping roles in module 10,Clarify responsibilities with a RACI matrix
Unfamiliar tech stack in module 6,Provide comprehensive training and onboarding
Ambiguous requirements in module 10,Use user stories and get early validation from users
Insufficient testing in module 5,Implement test-driven development and increase test coverage
Delayed approvals in module 8,Engage stakeholders early and get sign-offs scheduled
Client indecisiveness in module 7,Schedule regular feedback checkpoints and align expectations
Unfamiliar tech stack in module 7,Provide comprehensive training and onboarding
Unclear objectives in module 7,Host alignment workshops with stakeholders
Insufficient testing in module 1,Implement test-driven development and increase test coverage
Over-ambitious deadlines in module 9,Re-baseline schedule using evidence-based estimation
Insufficient testing in module 5,Implement test-driven development and increase test coverage
Over-ambitious deadlines in module 9,Re-baseline schedule using evidence-based estimation
Budget cuts in module 7,Re-prioritize project scope based on ROI
Performance issues in module 8,Optimize architecture and run performance benchmarks
Unfamiliar tech stack in module 10,Provide comprehensive training and onboarding
Supplier delays in module 3,Maintain buffer stock and develop secondary vendors
Insufficient testing in module 8,Implement test-driven development and increase test coverage
Budget cuts in module 10,Re-prioritize project scope based on ROI
Overlapping roles in module 7,Clarify responsibilities with a RACI matrix
Lack of stakeholder engagement in module 1,Involve them in demo sessions and retrospectives
Supplier delays in module 9,Maintain buffer stock and develop secondary vendors
Lack of stakeholder engagement in module 9,Involve them in demo sessions and retrospectives
Unclear objectives in module 4,Host alignment workshops with stakeholders
Ambiguous requirements in module 6,Use user stories and get early validation from users
Lack of documentation in module 2,Enforce documentation standards and assign accountability
Over-ambitious deadlines in module 4,Re-baseline schedule using evidence-based estimation
Scope creep in module 6,Establish a strict change control process
Insufficient testing in module 1,Implement test-driven development and increase test coverage
Unclear objectives in module 8,Host alignment workshops with stakeholders
Performance issues in module 7,Optimize architecture and run performance benchmarks
Integration challenges in module 5,Conduct integration testing early and frequently
Lack of documentation in module 9,Enforce documentation standards and assign accountability
Unclear objectives in module 8,Host alignment workshops with stakeholders
Supplier delays in module 3,Maintain buffer stock and develop secondary vendors
Unfamiliar tech stack in module 9,Provide comprehensive training and onboarding
Unfamiliar tech stack in module 10,Provide comprehensive training and onboarding
Performance issues in module 10,Optimize architecture and run performance benchmarks
Ambiguous requirements in module 9,Use user stories and get early validation from users
Inadequate QA in module 3,Increase QA staff and automate regression testing
Unfamiliar tech stack in module 8,Provide comprehensive training and onboarding
Inadequate QA in module 10,Increase QA staff and automate regression testing
Poor communication in module 2,Use collaboration tools and conduct daily stand-ups
Integration challenges in module 2,Conduct integration testing early and frequently
Client indecisiveness in module 3,Schedule regular feedback checkpoints and align expectations
Lack of stakeholder engagement in module 9,Involve them in demo sessions and retrospectives
Insufficient testing in module 3,Implement test-driven development and increase test coverage
Budget cuts in module 5,Re-prioritize project scope based on ROI
Insufficient testing in module 8,Implement test-driven development and increase test coverage
Client indecisiveness in module 1,Schedule regular feedback checkpoints and align expectations
Staff turnover in module 4,Document processes and develop internal talent pool
Technology debt in module 7,Allocate sprint capacity to refactor critical components
Unfamiliar tech stack in module 7,Provide comprehensive training and onboarding
Technology debt in module 5,Allocate sprint capacity to refactor critical components
Supplier delays in module 9,Maintain buffer stock and develop secondary vendors
Delayed approvals in module 3,Engage stakeholders early and get sign-offs scheduled
Unfamiliar tech stack in module 4,Provide comprehensive training and onboarding
Poor communication in module 9,Use collaboration tools and conduct daily stand-ups
Over-ambitious deadlines in module 9,Re-baseline schedule using evidence-based estimation
Integration challenges in module 2,Conduct integration testing early and frequently
Over-ambitious deadlines in module 5,Re-baseline schedule using evidence-based estimation
Scope creep in module 3,Establish a strict change control process
Security concerns in module 10,Conduct a vulnerability assessment and use secure coding practices
Supplier delays in module 8,Maintain buffer stock and develop secondary vendors
Poor communication in module 4,Use collaboration tools and conduct daily stand-ups
Poor communication in module 8,Use collaboration tools and conduct daily stand-ups
Ambiguous requirements in module 6,Use user stories and get early validation from users
Supplier delays in module 5,Maintain buffer stock and develop secondary vendors
Security concerns in module 1,Conduct a vulnerability assessment and use secure coding practices
Over-ambitious deadlines in module 6,Re-baseline schedule using evidence-based estimation
Security concerns in module 1,Conduct a vulnerability assessment and use secure coding practices
Poor communication in module 4,Use collaboration tools and conduct daily stand-ups
Security concerns in module 7,Conduct a vulnerability assessment and use secure coding practices
Unfamiliar tech stack in module 8,Provide comprehensive training and onboarding
Overlapping roles in module 4,Clarify responsibilities with a RACI matrix
Over-ambitious deadlines in module 7,Re-baseline schedule using evidence-based estimation
Insufficient testing in module 9,Implement test-driven development and increase test coverage
Ambiguous requirements in module 6,Use user stories and get early validation from users
Lack of stakeholder engagement in module 3,Involve them in demo sessions and retrospectives
Unclear objectives in module 7,Host alignment workshops with stakeholders
Inadequate QA in module 5,Increase QA staff and automate regression testing
Delayed approvals in module 3,Engage stakeholders early and get sign-offs scheduled
Lack of stakeholder engagement in module 7,Involve them in demo sessions and retrospectives
Supplier delays in module 6,Maintain buffer stock and develop secondary vendors
Client indecisiveness in module 6,Schedule regular feedback checkpoints and align expectations
Integration challenges in module 6,Conduct integration testing early and frequently
Unclear objectives in module 10,Host alignment workshops with stakeholders
Lack of stakeholder engagement in module 5,Involve them in demo sessions and retrospectives
Staff turnover in module 2,Document processes and develop internal talent pool
Integration challenges in module 1,Conduct integration testing early and frequently
Over-ambitious deadlines in module 7,Re-baseline schedule using evidence-based estimation
Poor communication in module 7,Use collaboration tools and conduct daily stand-ups
Insufficient testing in module 10,Implement test-driven development and increase test coverage
Delayed approvals in module 3,Engage stakeholders early and get sign-offs scheduled
Ambiguous requirements in module 2,Use user stories and get early validation from users
Overlapping roles in module 2,Clarify responsibilities with a RACI matrix
Security concerns in module 5,Conduct a vulnerability assessment and use secure coding practices
Unclear objectives in module 4,Host alignment workshops with stakeholders
Insufficient testing in module 10,Implement test-driven development and increase test coverage
Integration challenges in module 2,Conduct integration testing early and frequently
Client indecisiveness in module 4,Schedule regular feedback checkpoints and align expectations
Staff turnover in module 8,Document processes and develop internal talent pool
Unclear objectives in module 3,Host alignment workshops with stakeholders
Integration challenges in module 5,Conduct integration testing early and frequently
Unclear objectives in module 3,Host alignment workshops with stakeholders
Staff turnover in module 2,Document processes and develop internal talent pool
Ambiguous requirements in module 7,Use user stories and get early validation from users
Inadequate QA in module 1,Increase QA staff and automate regression testing
Budget cuts in module 4,Re-prioritize project scope based on ROI
Technology debt in module 7,Allocate sprint capacity to refactor critical components
Over-ambitious deadlines in module 10,Re-baseline schedule using evidence-based estimation
Supplier delays in module 1,Maintain buffer stock and develop secondary vendors
Scope creep in module 2,Establish a strict change control process
Budget cuts in module 3,Re-prioritize project scope based on ROI
Insufficient testing in module 5,Implement test-driven development and increase test coverage
Ambiguous requirements in module 6,Use user stories and get early validation from users
Performance issues in module 10,Optimize architecture and run performance benchmarks
Overlapping roles in module 4,Clarify responsibilities with a RACI matrix
Overlapping roles in module 9,Clarify responsibilities with a RACI matrix
Poor communication in module 5,Use collaboration tools and conduct daily stand-ups
Overlapping roles in module 4,Clarify responsibilities with a RACI matrix
Poor communication in module 1,Use collaboration tools and conduct daily stand-ups
Overlapping roles in module 3,Clarify responsibilities with a RACI matrix
Over-ambitious deadlines in module 3,Re-baseline schedule using evidence-based estimation
Lack of stakeholder engagement in module 8,Involve them in demo sessions and retrospectives
Security concerns in module 8,Conduct a vulnerability assessment and use secure coding practices
Insufficient testing in module 10,Implement test-driven development and increase test coverage
Supplier delays in module 8,Maintain buffer stock and develop secondary vendors
Unfamiliar tech stack in module 8,Provide comprehensive training and onboarding
Over-ambitious deadlines in module 10,Re-baseline schedule using evidence-based estimation
Supplier delays in module 4,Maintain buffer stock and develop secondary vendors
Staff turnover in module 5,Document processes and develop internal talent pool
Lack of documentation in module 9,Enforce documentation standards and assign accountability
Staff turnover in module 5,Document processes and develop internal talent pool
Security concerns in module 1,Conduct a vulnerability assessment and use secure coding practices
Scope creep in module 7,Establish a strict change control process
Technology debt in module 3,Allocate sprint capacity to refactor critical components
Over-ambitious deadlines in module 10,Re-baseline schedule using evidence-based estimation
Unfamiliar tech stack in module 8,Provide comprehensive training and onboarding
Scope creep in module 2,Establish a strict change control process
Unfamiliar tech stack in module 4,Provide comprehensive training and onboarding
Lack of stakeholder engagement in module 2,Involve them in demo sessions and retrospectives
Unclear objectives in module 10,Host alignment workshops with stakeholders
Over-ambitious deadlines in module 7,Re-baseline schedule using evidence-based estimation
Integration challenges in module 7,Conduct integration testing early and frequently
Lack of documentation in module 3,Enforce documentation standards and assign accountability
Unclear objectives in module 1,Host alignment workshops with stakeholders
Lack of stakeholder engagement in module 4,Involve them in demo sessions and retrospectives
Supplier delays in module 8,Maintain buffer stock and develop secondary vendors
Overlapping roles in module 5,Clarify responsibilities with a RACI matrix
Lack of documentation in module 5,Enforce documentation standards and assign accountability
Inadequate QA in module 8,Increase QA staff and automate regression testing
Insufficient testing in module 9,Implement test-driven development and increase test coverage
Staff turnover in module 7,Document processes and develop internal talent pool
Unclear objectives in module 2,Host alignment workshops with stakeholders
Inadequate QA in module 10,Increase QA staff and automate regression testing
Scope creep in module 6,Establish a strict change control process
Lack of documentation in module 3,Enforce documentation standards and assign accountability
Security concerns in module 10,Conduct a vulnerability assessment and use secure coding practices
Poor communication in module 8,Use collaboration tools and conduct daily stand-ups
Unclear objectives in module 9,Host alignment workshops with stakeholders
Overlapping roles in module 6,Clarify responsibilities with a RACI matrix
Client indecisiveness in module 8,Schedule regular feedback checkpoints and align expectations
Integration challenges in module 2,Conduct integration testing early and frequently
Integration challenges in module 1,Conduct integration testing early and frequently
Overlapping roles in module 1,Clarify responsibilities with a RACI matrix
Ambiguous requirements in module 8,Use user stories and get early validation from users
Client indecisiveness in module 9,Schedule regular feedback checkpoints and align expectations
Technology debt in module 5,Allocate sprint capacity to refactor critical components
Unfamiliar tech stack in module 10,Provide comprehensive training and onboarding
Inadequate QA in module 5,Increase QA staff and automate regression testing
Ambiguous requirements in module 8,Use user stories and get early validation from users
Ambiguous requirements in module 6,Use user stories and get early validation from users
Supplier delays in module 2,Maintain buffer stock and develop secondary vendors
Insufficient testing in module 9,Implement test-driven development and increase test coverage
Supplier delays in module 5,Maintain buffer stock and develop secondary vendors
Overlapping roles in module 8,Clarify responsibilities with a RACI matrix
Delayed approvals in module 5,Engage stakeholders early and get sign-offs scheduled
Unclear objectives in module 8,Host alignment workshops with stakeholders
Overlapping roles in module 8,Clarify responsibilities with a RACI matrix
Technology debt in module 10,Allocate sprint capacity to refactor critical components
Lack of documentation in module 6,Enforce documentation standards and assign accountability
Insufficient testing in module 1,Implement test-driven development and increase test coverage
Budget cuts in module 4,Re-prioritize project scope based on ROI
Budget cuts in module 10,Re-prioritize project scope based on ROI
Supplier delays in module 9,Maintain buffer stock and develop secondary vendors
Unfamiliar tech stack in module 2,Provide comprehensive training and onboarding
Insufficient testing in module 1,Implement test-driven development and increase test coverage
Unfamiliar tech stack in module 3,Provide comprehensive training and onboarding
Inadequate QA in module 2,Increase QA staff and automate regression testing
Lack of documentation in module 7,Enforce documentation standards and assign accountability
Client indecisiveness in module 5,Schedule regular feedback checkpoints and align expectations
Poor communication in module 10,Use collaboration tools and conduct daily stand-ups
Integration challenges in module 9,Conduct integration testing early and frequently
Performance issues in module 4,Optimize architecture and run performance benchmarks
Budget cuts in module 10,Re-prioritize project scope based on ROI
Inadequate QA in module 7,Increase QA staff and automate regression testing
Unclear objectives in module 4,Host alignment workshops with stakeholders
Security concerns in module 7,Conduct a vulnerability assessment and use secure coding practices
Insufficient testing in module 10,Implement test-driven development and increase test coverage
Delayed approvals in module 7,Engage stakeholders early and get sign-offs scheduled
Lack of stakeholder engagement in module 10,Involve them in demo sessions and retrospectives
Staff turnover in module 3,Document processes and develop internal talent pool
Inadequate QA in module 3,Increase QA staff and automate regression testing
Integration challenges in module 9,Conduct integration testing early and frequently
Ambiguous requirements in module 5,Use user stories and get early validation from users
Security concerns in module 9,Conduct a vulnerability assessment and use secure coding practices
Poor communication in module 4,Use collaboration tools and conduct daily stand-ups
Unfamiliar tech stack in module 2,Provide comprehensive training and onboarding
Delayed approvals in module 4,Engage stakeholders early and get sign-offs scheduled
Supplier delays in module 2,Maintain buffer stock and develop secondary vendors
Security concerns in module 2,Conduct a vulnerability assessment and use secure coding practices
Supplier delays in module 3,Maintain buffer stock and develop secondary vendors
Client indecisiveness in module 2,Schedule regular feedback checkpoints and align expectations
Lack of stakeholder engagement in module 6,Involve them in demo sessions and retrospectives
Unfamiliar tech stack in module 10,Provide comprehensive training and onboarding
Over-ambitious deadlines in module 1,Re-baseline schedule using evidence-based estimation
Security concerns in module 3,Conduct a vulnerability assessment and use secure coding practices
Security concerns in module 9,Conduct a vulnerability assessment and use secure coding practices
Delayed approvals in module 7,Engage stakeholders early and get sign-offs scheduled
Budget cuts in module 8,Re-prioritize project scope based on ROI
Over-ambitious deadlines in module 3,Re-baseline schedule using evidence-based estimation
Unclear objectives in module 4,Host alignment workshops with stakeholders
Supplier delays in module 4,Maintain buffer stock and develop secondary vendors
Ambiguous requirements in module 8,Use user stories and get early validation from users
Overlapping roles in module 7,Clarify responsibilities with a RACI matrix
Poor communication in module 9,Use collaboration tools and conduct daily stand-ups
Lack of stakeholder engagement in module 7,Involve them in demo sessions and retrospectives
Ambiguous requirements in module 5,Use user stories and get early validation from users
Budget cuts in module 2,Re-prioritize project scope based on ROI
Scope creep in module 7,Establish a strict change control process
Over-ambitious deadlines in module 10,Re-baseline schedule using evidence-based estimation
Scope creep in module 5,Establish a strict change control process
Security concerns in module 1,Conduct a vulnerability assessment and use secure coding practices
Staff turnover in module 9,Document processes and develop internal talent pool
Lack of stakeholder engagement in module 2,Involve them in demo sessions and retrospectives
Insufficient testing in module 4,Implement test-driven development and increase test coverage
Scope creep in module 3,Establish a strict change control process
Security concerns in module 10,Conduct a vulnerability assessment and use secure coding practices
Budget cuts in module 2,Re-prioritize project scope based on ROI
Inadequate QA in module 4,Increase QA staff and automate regression testing
Ambiguous requirements in module 2,Use user stories and get early validation from users
Security concerns in module 2,Conduct a vulnerability assessment and use secure coding practices
Supplier delays in module 8,Maintain buffer stock and develop secondary vendors
Technology debt in module 8,Allocate sprint capacity to refactor critical components
Poor communication in module 5,Use collaboration tools and conduct daily stand-ups
Inadequate QA in module 5,Increase QA staff and automate regression testing
Delayed approvals in module 4,Engage stakeholders early and get sign-offs scheduled
Poor communication in module 4,Use collaboration tools and conduct daily stand-ups
Unclear objectives in module 10,Host alignment workshops with stakeholders
Inadequate QA in module 6,Increase QA staff and automate regression testing
Security concerns in module 5,Conduct a vulnerability assessment and use secure coding practices
Client indecisiveness in module 4,Schedule regular feedback checkpoints and align expectations
Unfamiliar tech stack in module 6,Provide comprehensive training and onboarding
Lack of stakeholder engagement in module 6,Involve them in demo sessions and retrospectives
Insufficient testing in module 9,Implement test-driven development and increase test coverage
Staff turnover in module 2,Document processes and develop internal talent pool
Integration challenges in module 7,Conduct integration testing early and frequently
Client indecisiveness in module 1,Schedule regular feedback checkpoints and align expectations
Integration challenges in module 6,Conduct integration testing early and frequently
Ambiguous requirements in module 5,Use user stories and get early validation from users
Technology debt in module 7,Allocate sprint capacity to refactor critical components
Insufficient testing in module 2,Implement test-driven development and increase test coverage
Poor communication in module 6,Use collaboration tools and conduct daily stand-ups
Unclear objectives in module 9,Host alignment workshops with stakeholders
Insufficient testing in module 5,Implement test-driven development and increase test coverage
Delayed approvals in module 1,Engage stakeholders early and get sign-offs scheduled
Inadequate QA in module 6,Increase QA staff and automate regression testing
Client indecisiveness in module 5,Schedule regular feedback checkpoints and align expectations
Unfamiliar tech stack in module 10,Provide comprehensive training and onboarding
Over-ambitious deadlines in module 1,Re-baseline schedule using evidence-based estimation
Unclear objectives in module 7,Host alignment workshops with stakeholders
Insufficient testing in module 7,Implement test-driven development and increase test coverage
Integration challenges in module 10,Conduct integration testing early and frequently
Integration challenges in module 3,Conduct integration testing early and frequently
Inadequate QA in module 5,Increase QA staff and automate regression testing
Technology debt in module 3,Allocate sprint capacity to refactor critical components
Performance issues in module 3,Optimize architecture and run performance benchmarks
Overlapping roles in module 3,Clarify responsibilities with a RACI matrix
Ambiguous requirements in module 6,Use user stories and get early validation from users
Ambiguous requirements in module 2,Use user stories and get early validation from users
Unfamiliar tech stack in module 7,Provide comprehensive training and onboarding
Client indecisiveness in module 8,Schedule regular feedback checkpoints and align expectations
Insufficient testing in module 8,Implement test-driven development and increase test coverage
Staff turnover in module 9,Document processes and develop internal talent pool
Security concerns in module 6,Conduct a vulnerability assessment and use secure coding practices
Insufficient testing in module 2,Implement test-driven development and increase test coverage
Client indecisiveness in module 3,Schedule regular feedback checkpoints and align expectations
Poor communication in module 4,Use collaboration tools and conduct daily stand-ups
Poor communication in module 10,Use collaboration tools and conduct daily stand-ups
Unfamiliar tech stack in module 2,Provide comprehensive training and onboarding
Poor communication in module 10,Use collaboration tools and conduct daily stand-ups
Insufficient testing in module 7,Implement test-driven development and increase test coverage
Staff turnover in module 10,Document processes and develop internal talent pool
Scope creep in module 1,Establish a strict change control process
Poor communication in module 10,Use collaboration tools and conduct daily stand-ups
Lack of stakeholder engagement in module 3,Involve them in demo sessions and retrospectives
Unfamiliar tech stack in module 6,Provide comprehensive training and onboarding
Over-ambitious deadlines in module 5,Re-baseline schedule using evidence-based estimation
Supplier delays in module 7,Maintain buffer stock and develop secondary vendors
Security concerns in module 7,Conduct a vulnerability assessment and use secure coding practices
Client indecisiveness in module 7,Schedule regular feedback checkpoints and align expectations
Unclear objectives in module 5,Host alignment workshops with stakeholders
Budget cuts in module 7,Re-prioritize project scope based on ROI
Unclear objectives in module 4,Host alignment workshops with stakeholders
Poor communication in module 9,Use collaboration tools and conduct daily stand-ups
Unfamiliar tech stack in module 3,Provide comprehensive training and onboarding
Technology debt in module 4,Allocate sprint capacity to refactor critical components
Ambiguous requirements in module 7,Use user stories and get early validation from users
Scope creep in module 1,Establish a strict change control process
Budget cuts in module 7,Re-prioritize project scope based on ROI
Supplier delays in module 7,Maintain buffer stock and develop secondary vendors
Staff turnover in module 2,Document processes and develop internal talent pool
Performance issues in module 7,Optimize architecture and run performance benchmarks
Delayed approvals in module 8,Engage stakeholders early and get sign-offs scheduled
Integration challenges in module 5,Conduct integration testing early and frequently
Insufficient testing in module 6,Implement test-driven development and increase test coverage
Overlapping roles in module 7,Clarify responsibilities with a RACI matrix
Lack of documentation in module 1,Enforce documentation standards and assign accountability
Overlapping roles in module 4,Clarify responsibilities with a RACI matrix
Unfamiliar tech stack in module 6,Provide comprehensive training and onboarding
Lack of stakeholder engagement in module 7,Involve them in demo sessions and retrospectives
Inadequate QA in module 2,Increase QA staff and automate regression testing
Inadequate QA in module 4,Increase QA staff and automate regression testing
Scope creep in module 6,Establish a strict change control process
Inadequate QA in module 1,Increase QA staff and automate regression testing
Security concerns in module 1,Conduct a vulnerability assessment and use secure coding practices
Technology debt in module 5,Allocate sprint capacity to refactor critical components
Overlapping roles in module 10,Clarify responsibilities with a RACI matrix
Unfamiliar tech stack in module 5,Provide comprehensive training and onboarding
Inadequate QA in module 5,Increase QA staff and automate regression testing
Security concerns in module 5,Conduct a vulnerability assessment and use secure coding practices
Inadequate QA in module 9,Increase QA staff and automate regression testing
Integration challenges in module 8,Conduct integration testing early and frequently
Ambiguous requirements in module 7,Use user stories and get early validation from users
Integration challenges in module 10,Conduct integration testing early and frequently
Delayed approvals in module 6,Engage stakeholders early and get sign-offs scheduled
Poor communication in module 1,Use collaboration tools and conduct daily stand-ups
Supplier delays in module 4,Maintain buffer stock and develop secondary vendors
Over-ambitious deadlines in module 1,Re-baseline schedule using evidence-based estimation
Insufficient testing in module 8,Implement test-driven development and increase test coverage
Staff turnover in module 1,Document processes and develop internal talent pool
Lack of documentation in module 10,Enforce documentation standards and assign accountability
Scope creep in module 4,Establish a strict change control process
Security concerns in module 3,Conduct a vulnerability assessment and use secure coding practices
Technology debt in module 9,Allocate sprint capacity to refactor critical components
Integration challenges in module 10,Conduct integration testing early and frequently
Delayed approvals in module 3,Engage stakeholders early and get sign-offs scheduled
Lack of stakeholder engagement in module 6,Involve them in demo sessions and retrospectives
Unfamiliar tech stack in module 9,Provide comprehensive training and onboarding
Lack of documentation in module 8,Enforce documentation standards and assign accountability
Performance issues in module 2,Optimize architecture and run performance benchmarks
Staff turnover in module 5,Document processes and develop internal talent pool
Unfamiliar tech stack in module 8,Provide comprehensive training and onboarding
Unfamiliar tech stack in module 7,Provide comprehensive training and onboarding
Integration challenges in module 5,Conduct integration testing early and frequently
Unclear objectives in module 10,Host alignment workshops with stakeholders
Staff turnover in module 5,Document processes and develop internal talent pool
Lack of stakeholder engagement in module 8,Involve them in demo sessions and retrospectives
Lack of stakeholder engagement in module 8,Involve them in demo sessions and retrospectives
Client indecisiveness in module 10,Schedule regular feedback checkpoints and align expectations
Over-ambitious deadlines in module 5,Re-baseline schedule using evidence-based estimation
Over-ambitious deadlines in module 7,Re-baseline schedule using evidence-based estimation
Overlapping roles in module 1,Clarify responsibilities with a RACI matrix
Insufficient testing in module 1,Implement test-driven development and increase test coverage
Insufficient testing in module 8,Implement test-driven development and increase test coverage
Supplier delays in module 9,Maintain buffer stock and develop secondary vendors
Integration challenges in module 9,Conduct integration testing early and frequently
Lack of documentation in module 1,Enforce documentation standards and assign accountability
Performance issues in module 7,Optimize architecture and run performance benchmarks
Insufficient testing in module 2,Implement test-driven development and increase test coverage
Overlapping roles in module 2,Clarify responsibilities with a RACI matrix
Budget cuts in module 5,Re-prioritize project scope based on ROI
Scope creep in module 3,Establish a strict change control process
Unclear objectives in module 1,Host alignment workshops with stakeholders
Ambiguous requirements in module 3,Use user stories and get early validation from users
Inadequate QA in module 10,Increase QA staff and automate regression testing
Delayed approvals in module 3,Engage stakeholders early and get sign-offs scheduled
Unfamiliar tech stack in module 3,Provide comprehensive training and onboarding
Client indecisiveness in module 7,Schedule regular feedback checkpoints and align expectations
Client indecisiveness in module 7,Schedule regular feedback checkpoints and align expectations
Technology debt in module 7,Allocate sprint capacity to refactor critical components
Lack of stakeholder engagement in module 7,Involve them in demo sessions and retrospectives
Lack of stakeholder engagement in module 7,Involve them in demo sessions and retrospectives
Client indecisiveness in module 1,Schedule regular feedback checkpoints and align expectations
Client indecisiveness in module 10,Schedule regular feedback checkpoints and align expectations
Lack of stakeholder engagement in module 1,Involve them in demo sessions and retrospectives
Unfamiliar tech stack in module 10,Provide comprehensive training and onboarding
Unclear objectives in module 8,Host alignment workshops with stakeholders
Unfamiliar tech stack in module 2,Provide comprehensive training and onboarding
Unclear objectives in module 6,Host alignment workshops with stakeholders
Lack of stakeholder engagement in module 1,Involve them in demo sessions and retrospectives
Technology debt in module 2,Allocate sprint capacity to refactor critical components
Delayed approvals in module 9,Engage stakeholders early and get sign-offs scheduled
Ambiguous requirements in module 8,Use user stories and get early validation from users
Inadequate QA in module 3,Increase QA staff and automate regression testing
Poor communication in module 2,Use collaboration tools and conduct daily stand-ups
Ambiguous requirements in module 5,Use user stories and get early validation from users
Inadequate QA in module 1,Increase QA staff and automate regression testing
Performance issues in module 10,Optimize architecture and run performance benchmarks
Client indecisiveness in module 10,Schedule regular feedback checkpoints and align expectations
Unfamiliar tech stack in module 5,Provide comprehensive training and onboarding
Poor communication in module 6,Use collaboration tools and conduct daily stand-ups
Budget cuts in module 6,Re-prioritize project scope based on ROI
Poor communication in module 8,Use collaboration tools and conduct daily stand-ups
Integration challenges in module 2,Conduct integration testing early and frequently
Unclear objectives in module 4,Host alignment workshops with stakeholders
Poor communication in module 1,Use collaboration tools and conduct daily stand-ups
Poor communication in module 1,Use collaboration tools and conduct daily stand-ups
Security concerns in module 4,Conduct a vulnerability assessment and use secure coding practices
Delayed approvals in module 2,Engage stakeholders early and get sign-offs scheduled
Lack of documentation in module 8,Enforce documentation standards and assign accountability
Security concerns in module 10,Conduct a vulnerability assessment and use secure coding practices
Lack of documentation in module 10,Enforce documentation standards and assign accountability
Budget cuts in module 8,Re-prioritize project scope based on ROI
Inadequate QA in module 5,Increase QA staff and automate regression testing
Poor communication in module 7,Use collaboration tools and conduct daily stand-ups
Unclear objectives in module 9,Host alignment workshops with stakeholders
Inadequate QA in module 8,Increase QA staff and automate regression testing
Lack of stakeholder engagement in module 3,Involve them in demo sessions and retrospectives
Supplier delays in module 1,Maintain buffer stock and develop secondary vendors
Client indecisiveness in module 4,Schedule regular feedback checkpoints and align expectations
Insufficient testing in module 7,Implement test-driven development and increase test coverage
Supplier delays in module 1,Maintain buffer stock and develop secondary vendors
Ambiguous requirements in module 9,Use user stories and get early validation from users
Client indecisiveness in module 7,Schedule regular feedback checkpoints and align expectations
Unclear objectives in module 10,Host alignment workshops with stakeholders
Ambiguous requirements in module 9,Use user stories and get early validation from users
Unfamiliar tech stack in module 1,Provide comprehensive training and onboarding
Insufficient testing in module 7,Implement test-driven development and increase test coverage
Budget cuts in module 10,Re-prioritize project scope based on ROI
Delayed approvals in module 5,Engage stakeholders early and get sign-offs scheduled
Poor communication in module 4,Use collaboration tools and conduct daily stand-ups
Budget cuts in module 3,Re-prioritize project scope based on ROI
Over-ambitious deadlines in module 9,Re-baseline schedule using evidence-based estimation
Integration challenges in module 1,Conduct integration testing early and frequently
Poor communication in module 1,Use collaboration tools and conduct daily stand-ups
Client indecisiveness in module 3,Schedule regular feedback checkpoints and align expectations
Client indecisiveness in module 8,Schedule regular feedback checkpoints and align expectations
Lack of documentation in module 3,Enforce documentation standards and assign accountability
Client indecisiveness in module 2,Schedule regular feedback checkpoints and align expectations
Delayed approvals in module 6,Engage stakeholders early and get sign-offs scheduled
Technology debt in module 5,Allocate sprint capacity to refactor critical components
Overlapping roles in module 3,Clarify responsibilities with a RACI matrix
Supplier delays in module 4,Maintain buffer stock and develop secondary vendors
Over-ambitious deadlines in module 7,Re-baseline schedule using evidence-based estimation
Poor communication in module 6,Use collaboration tools and conduct daily stand-ups
Security concerns in module 4,Conduct a vulnerability assessment and use secure coding practices
Staff turnover in module 10,Document processes and develop internal talent pool
Delayed approvals in module 2,Engage stakeholders early and get sign-offs scheduled
Security concerns in module 3,Conduct a vulnerability assessment and use secure coding practices
Inadequate QA in module 3,Increase QA staff and automate regression testing
Lack of stakeholder engagement in module 6,Involve them in demo sessions and retrospectives
Scope creep in module 1,Establish a strict change control process
Budget cuts in module 7,Re-prioritize project scope based on ROI
Staff turnover in module 7,Document processes and develop internal talent pool
Supplier delays in module 5,Maintain buffer stock and develop secondary vendors
Unclear objectives in module 2,Host alignment workshops with stakeholders
Scope creep in module 4,Establish a strict change control process
Unfamiliar tech stack in module 2,Provide comprehensive training and onboarding
Delayed approvals in module 2,Engage stakeholders early and get sign-offs scheduled
Budget cuts in module 7,Re-prioritize project scope based on ROI
Poor communication in module 3,Use collaboration tools and conduct daily stand-ups
Ambiguous requirements in module 10,Use user stories and get early validation from users
Integration challenges in module 3,Conduct integration testing early and frequently
Performance issues in module 2,Optimize architecture and run performance benchmarks
Technology debt in module 2,Allocate sprint capacity to refactor critical components
Poor communication in module 3,Use collaboration tools and conduct daily stand-ups
Unfamiliar tech stack in module 8,Provide comprehensive training and onboarding
Integration challenges in module 1,Conduct integration testing early and frequently
Supplier delays in module 6,Maintain buffer stock and develop secondary vendors
Insufficient testing in module 9,Implement test-driven development and increase test coverage
Security concerns in module 8,Conduct a vulnerability assessment and use secure coding practices
Insufficient testing in module 3,Implement test-driven development and increase test coverage
Poor communication in module 10,Use collaboration tools and conduct daily stand-ups
Poor communication in module 3,Use collaboration tools and conduct daily stand-ups
Staff turnover in module 5,Document processes and develop internal talent pool
Insufficient testing in module 5,Implement test-driven development and increase test coverage
Performance issues in module 4,Optimize architecture and run performance benchmarks
Over-ambitious deadlines in module 2,Re-baseline schedule using evidence-based estimation
Ambiguous requirements in module 8,Use user stories and get early validation from users
Performance issues in module 3,Optimize architecture and run performance benchmarks
Client indecisiveness in module 8,Schedule regular feedback checkpoints and align expectations
Staff turnover in module 7,Document processes and develop internal talent pool
Client indecisiveness in module 8,Schedule regular feedback checkpoints and align expectations
Client indecisiveness in module 3,Schedule regular feedback checkpoints and align expectations
Lack of stakeholder engagement in module 8,Involve them in demo sessions and retrospectives
Client indecisiveness in module 1,Schedule regular feedback checkpoints and align expectations
Delayed approvals in module 3,Engage stakeholders early and get sign-offs scheduled
Insufficient testing in module 6,Implement test-driven development and increase test coverage
Unfamiliar tech stack in module 2,Provide comprehensive training and onboarding
Technology debt in module 8,Allocate sprint capacity to refactor critical components
Unclear objectives in module 9,Host alignment workshops with stakeholders
Security concerns in module 3,Conduct a vulnerability assessment and use secure coding practices
Poor communication in module 6,Use collaboration tools and conduct daily stand-ups
Unclear objectives in module 4,Host alignment workshops with stakeholders
Over-ambitious deadlines in module 4,Re-baseline schedule using evidence-based estimation
Technology debt in module 8,Allocate sprint capacity to refactor critical components
Staff turnover in module 1,Document processes and develop internal talent pool
Unclear objectives in module 10,Host alignment workshops with stakeholders
Scope creep in module 10,Establish a strict change control process
Unclear objectives in module 2,Host alignment workshops with stakeholders
Security concerns in module 7,Conduct a vulnerability assessment and use secure coding practices
Delayed approvals in module 8,Engage stakeholders early and get sign-offs scheduled
Lack of documentation in module 9,Enforce documentation standards and assign accountability
Security concerns in module 2,Conduct a vulnerability assessment and use secure coding practices
Supplier delays in module 10,Maintain buffer stock and develop secondary vendors
Over-ambitious deadlines in module 7,Re-baseline schedule using evidence-based estimation
Poor communication in module 4,Use collaboration tools and conduct daily stand-ups
Inadequate QA in module 9,Increase QA staff and automate regression testing
Performance issues in module 8,Optimize architecture and run performance benchmarks
Technology debt in module 3,Allocate sprint capacity to refactor critical components
Insufficient testing in module 1,Implement test-driven development and increase test coverage
Scope creep in module 5,Establish a strict change control process
Ambiguous requirements in module 6,Use user stories and get early validation from users
Lack of documentation in module 3,Enforce documentation standards and assign accountability
Security concerns in module 1,Conduct a vulnerability assessment and use secure coding practices
Poor communication in module 3,Use collaboration tools and conduct daily stand-ups
Unclear objectives in module 1,Host alignment workshops with stakeholders
Staff turnover in module 7,Document processes and develop internal talent pool
Integration challenges in module 8,Conduct integration testing early and frequently
Unclear objectives in module 10,Host alignment workshops with stakeholders
Poor communication in module 7,Use collaboration tools and conduct daily stand-ups
Insufficient testing in module 8,Implement test-driven development and increase test coverage
Performance issues in module 7,Optimize architecture and run performance benchmarks
Performance issues in module 3,Optimize architecture and run performance benchmarks
Unfamiliar tech stack in module 9,Provide comprehensive training and onboarding
Security concerns in module 10,Conduct a vulnerability assessment and use secure coding practices
Client indecisiveness in module 7,Schedule regular feedback checkpoints and align expectations
Delayed approvals in module 2,Engage stakeholders early and get sign-offs scheduled
Lack of stakeholder engagement in module 5,Involve them in demo sessions and retrospectives
Supplier delays in module 2,Maintain buffer stock and develop secondary vendors
Insufficient testing in module 1,Implement test-driven development and increase test coverage
Integration challenges in module 2,Conduct integration testing early and frequently
Budget cuts in module 9,Re-prioritize project scope based on ROI
Overlapping roles in module 8,Clarify responsibilities with a RACI matrix
Poor communication in module 6,Use collaboration tools and conduct daily stand-ups
Lack of documentation in module 4,Enforce documentation standards and assign accountability
Overlapping roles in module 9,Clarify responsibilities with a RACI matrix
Over-ambitious deadlines in module 7,Re-baseline schedule using evidence-based estimation
Integration challenges in module 6,Conduct integration testing early and frequently
Scope creep in module 4,Establish a strict change control process
Client indecisiveness in module 7,Schedule regular feedback checkpoints and align expectations
Supplier delays in module 4,Maintain buffer stock and develop secondary vendors
Client indecisiveness in module 2,Schedule regular feedback checkpoints and align expectations
Lack of documentation in module 4,Enforce documentation standards and assign accountability
Ambiguous requirements in module 5,Use user stories and get early validation from users
Unclear objectives in module 3,Host alignment workshops with stakeholders
Technology debt in module 5,Allocate sprint capacity to refactor critical components
Client indecisiveness in module 8,Schedule regular feedback checkpoints and align expectations
Supplier delays in module 9,Maintain buffer stock and develop secondary vendors
Client indecisiveness in module 5,Schedule regular feedback checkpoints and align expectations
Poor communication in module 8,Use collaboration tools and conduct daily stand-ups
Security concerns in module 9,Conduct a vulnerability assessment and use secure coding practices
Poor communication in module 10,Use collaboration tools and conduct daily stand-ups
Inadequate QA in module 8,Increase QA staff and automate regression testing
Integration challenges in module 6,Conduct integration testing early and frequently
Supplier delays in module 6,Maintain buffer stock and develop secondary vendors
Over-ambitious deadlines in module 10,Re-baseline schedule using evidence-based estimation
Budget cuts in module 3,Re-prioritize project scope based on ROI
Unclear objectives in module 6,Host alignment workshops with stakeholders
Insufficient testing in module 7,Implement test-driven development and increase test coverage
Delayed approvals in module 2,Engage stakeholders early and get sign-offs scheduled
Security concerns in module 8,Conduct a vulnerability assessment and use secure coding practices
Over-ambitious deadlines in module 5,Re-baseline schedule using evidence-based estimation
Client indecisiveness in module 9,Schedule regular feedback checkpoints and align expectations
Lack of documentation in module 8,Enforce documentation standards and assign accountability
Unfamiliar tech stack in module 1,Provide comprehensive training and onboarding
Unfamiliar tech stack in module 5,Provide comprehensive training and onboarding
Performance issues in module 1,Optimize architecture and run performance benchmarks
Scope creep in module 6,Establish a strict change control process
Poor communication in module 6,Use collaboration tools and conduct daily stand-ups
Integration challenges in module 5,Conduct integration testing early and frequently
Performance issues in module 10,Optimize architecture and run performance benchmarks
Client indecisiveness in module 2,Schedule regular feedback checkpoints and align expectations
Poor communication in module 3,Use collaboration tools and conduct daily stand-ups
Security concerns in module 8,Conduct a vulnerability assessment and use secure coding practices
Poor communication in module 10,Use collaboration tools and conduct daily stand-ups
Insufficient testing in module 6,Implement test-driven development and increase test coverage
Technology debt in module 3,Allocate sprint capacity to refactor critical components
Overlapping roles in module 5,Clarify responsibilities with a RACI matrix
Unfamiliar tech stack in module 5,Provide comprehensive training and onboarding
Insufficient testing in module 5,Implement test-driven development and increase test coverage
Lack of documentation in module 1,Enforce documentation standards and assign accountability
Integration challenges in module 7,Conduct integration testing early and frequently
Lack of stakeholder engagement in module 7,Involve them in demo sessions and retrospectives
Insufficient testing in module 8,Implement test-driven development and increase test coverage
Poor communication in module 2,Use collaboration tools and conduct daily stand-ups
Supplier delays in module 2,Maintain buffer stock and develop secondary vendors
Lack of stakeholder engagement in module 2,Involve them in demo sessions and retrospectives
Client indecisiveness in module 3,Schedule regular feedback checkpoints and align expectations
Integration challenges in module 9,Conduct integration testing early and frequently
Scope creep in module 4,Establish a strict change control process
Poor communication in module 6,Use collaboration tools and conduct daily stand-ups
Client indecisiveness in module 7,Schedule regular feedback checkpoints and align expectations
Budget cuts in module 9,Re-prioritize project scope based on ROI
Unclear objectives in module 3,Host alignment workshops with stakeholders
Lack of documentation in module 10,Enforce documentation standards and assign accountability
Unfamiliar tech stack in module 1,Provide comprehensive training and onboarding
Client indecisiveness in module 5,Schedule regular feedback checkpoints and align expectations
Supplier delays in module 4,Maintain buffer stock and develop secondary vendors
Unfamiliar tech stack in module 5,Provide comprehensive training and onboarding
Over-ambitious deadlines in module 1,Re-baseline schedule using evidence-based estimation
Ambiguous requirements in module 8,Use user stories and get early validation from users
Client indecisiveness in module 7,Schedule regular feedback checkpoints and align expectations
Inadequate QA in module 4,Increase QA staff and automate regression testing
Over-ambitious deadlines in module 8,Re-baseline schedule using evidence-based estimation
Lack of documentation in module 4,Enforce documentation standards and assign accountability
Insufficient testing in module 8,Implement test-driven development and increase test coverage
Staff turnover in module 10,Document processes and develop internal talent pool
Lack of stakeholder engagement in module 4,Involve them in demo sessions and retrospectives
Over-ambitious deadlines in module 7,Re-baseline schedule using evidence-based estimation
Insufficient testing in module 4,Implement test-driven development and increase test coverage
Poor communication in module 2,Use collaboration tools and conduct daily stand-ups
Supplier delays in module 4,Maintain buffer stock and develop secondary vendors
Ambiguous requirements in module 1,Use user stories and get early validation from users
Insufficient testing in module 4,Implement test-driven development and increase test coverage
Delayed approvals in module 1,Engage stakeholders early and get sign-offs scheduled
Inadequate QA in module 6,Increase QA staff and automate regression testing
Lack of stakeholder engagement in module 6,Involve them in demo sessions and retrospectives
Unclear objectives in module 6,Host alignment workshops with stakeholders
Inadequate QA in module 4,Increase QA staff and automate regression testing
Security concerns in module 3,Conduct a vulnerability assessment and use secure coding practices
Security concerns in module 1,Conduct a vulnerability assessment and use secure coding practices
Supplier delays in module 8,Maintain buffer stock and develop secondary vendors
Over-ambitious deadlines in module 4,Re-baseline schedule using evidence-based estimation
Technology debt in module 6,Allocate sprint capacity to refactor critical components
Supplier delays in module 8,Maintain buffer stock and develop secondary vendors
Scope creep in module 6,Establish a strict change control process
Unfamiliar tech stack in module 1,Provide comprehensive training and onboarding
Unclear objectives in module 9,Host alignment workshops with stakeholders
Lack of stakeholder engagement in module 4,Involve them in demo sessions and retrospectives
Technology debt in module 1,Allocate sprint capacity to refactor critical components
Ambiguous requirements in module 6,Use user stories and get early validation from users
Insufficient testing in module 4,Implement test-driven development and increase test coverage
Insufficient testing in module 4,Implement test-driven development and increase test coverage
Lack of stakeholder engagement in module 2,Involve them in demo sessions and retrospectives
Staff turnover in module 2,Document processes and develop internal talent pool
Staff turnover in module 10,Document processes and develop internal talent pool
Poor communication in module 8,Use collaboration tools and conduct daily stand-ups
Performance issues in module 7,Optimize architecture and run performance benchmarks
Technology debt in module 8,Allocate sprint capacity to refactor critical components
Staff turnover in module 4,Document processes and develop internal talent pool
Lack of stakeholder engagement in module 7,Involve them in demo sessions and retrospectives
Budget cuts in module 10,Re-prioritize project scope based on ROI
Overlapping roles in module 1,Clarify responsibilities with a RACI matrix
Technology debt in module 10,Allocate sprint capacity to refactor critical components
Performance issues in module 5,Optimize architecture and run performance benchmarks
Ambiguous requirements in module 1,Use user stories and get early validation from users
Delayed approvals in module 6,Engage stakeholders early and get sign-offs scheduled
Over-ambitious deadlines in module 4,Re-baseline schedule using evidence-based estimation
Client indecisiveness in module 5,Schedule regular feedback checkpoints and align expectations
Budget cuts in module 9,Re-prioritize project scope based on ROI
Performance issues in module 10,Optimize architecture and run performance benchmarks
Staff turnover in module 1,Document processes and develop internal talent pool
Integration challenges in module 3,Conduct integration testing early and frequently
Unclear objectives in module 8,Host alignment workshops with stakeholders
Staff turnover in module 4,Document processes and develop internal talent pool
Unfamiliar tech stack in module 10,Provide comprehensive training and onboarding
Lack of documentation in module 8,Enforce documentation standards and assign accountability
Lack of documentation in module 7,Enforce documentation standards and assign accountability
Delayed approvals in module 10,Engage stakeholders early and get sign-offs scheduled
Security concerns in module 6,Conduct a vulnerability assessment and use secure coding practices
Technology debt in module 7,Allocate sprint capacity to refactor critical components
Performance issues in module 4,Optimize architecture and run performance benchmarks
Budget cuts in module 4,Re-prioritize project scope based on ROI
Unclear objectives in module 4,Host alignment workshops with stakeholders
Unfamiliar tech stack in module 2,Provide comprehensive training and onboarding
Integration challenges in module 5,Conduct integration testing early and frequently
Overlapping roles in module 6,Clarify responsibilities with a RACI matrix
Lack of documentation in module 9,Enforce documentation standards and assign accountability
Performance issues in module 3,Optimize architecture and run performance benchmarks
Client indecisiveness in module 9,Schedule regular feedback checkpoints and align expectations
Integration challenges in module 10,Conduct integration testing early and frequently
Unfamiliar tech stack in module 10,Provide comprehensive training and onboarding
Unclear objectives in module 6,Host alignment workshops with stakeholders
Staff turnover in module 1,Document processes and develop internal talent pool
Lack of documentation in module 9,Enforce documentation standards and assign accountability
Client indecisiveness in module 10,Schedule regular feedback checkpoints and align expectations
Scope creep in module 8,Establish a strict change control process
Staff turnover in module 1,Document processes and develop internal talent pool
Overlapping roles in module 3,Clarify responsibilities with a RACI matrix
Technology debt in module 5,Allocate sprint capacity to refactor critical components
Over-ambitious deadlines in module 4,Re-baseline schedule using evidence-based estimation
Lack of documentation in module 10,Enforce documentation standards and assign accountability
Unclear objectives in module 3,Host alignment workshops with stakeholders
Delayed approvals in module 4,Engage stakeholders early and get sign-offs scheduled
Staff turnover in module 2,Document processes and develop internal talent pool
Security concerns in module 8,Conduct a vulnerability assessment and use secure coding practices
Delayed approvals in module 1,Engage stakeholders early and get sign-offs scheduled
Inadequate QA in module 5,Increase QA staff and automate regression testing
Supplier delays in module 10,Maintain buffer stock and develop secondary vendors
Poor communication in module 7,Use collaboration tools and conduct daily stand-ups
Integration challenges in module 5,Conduct integration testing early and frequently
Poor communication in module 8,Use collaboration tools and conduct daily stand-ups
Insufficient testing in module 4,Implement test-driven development and increase test coverage
Client indecisiveness in module 5,Schedule regular feedback checkpoints and align expectations
Poor communication in module 7,Use collaboration tools and conduct daily stand-ups
Ambiguous requirements in module 1,Use user stories and get early validation from users
Inadequate QA in module 1,Increase QA staff and automate regression testing
Technology debt in module 2,Allocate sprint capacity to refactor critical components
Unfamiliar tech stack in module 9,Provide comprehensive training and onboarding
Scope creep in module 4,Establish a strict change control process
Staff turnover in module 9,Document processes and develop internal talent pool
Unfamiliar tech stack in module 6,Provide comprehensive training and onboarding
Poor communication in module 4,Use collaboration tools and conduct daily stand-ups
Technology debt in module 5,Allocate sprint capacity to refactor critical components
Inadequate QA in module 7,Increase QA staff and automate regression testing
Staff turnover in module 3,Document processes and develop internal talent pool
Budget cuts in module 9,Re-prioritize project scope based on ROI
Poor communication in module 2,Use collaboration tools and conduct daily stand-ups
Delayed approvals in module 3,Engage stakeholders early and get sign-offs scheduled
Inadequate QA in module 1,Increase QA staff and automate regression testing
Budget cuts in module 1,Re-prioritize project scope based on ROI
Client indecisiveness in module 8,Schedule regular feedback checkpoints and align expectations
Unclear objectives in module 7,Host alignment workshops with stakeholders
Supplier delays in module 4,Maintain buffer stock and develop secondary vendors
Inadequate QA in module 10,Increase QA staff and automate regression testing
Staff turnover in module 6,Document processes and develop internal talent pool
Over-ambitious deadlines in module 3,Re-baseline schedule using evidence-based estimation
Ambiguous requirements in module 1,Use user stories and get early validation from users
Ambiguous requirements in module 2,Use user stories and get early validation from users
Integration challenges in module 3,Conduct integration testing early and frequently
Scope creep in module 4,Establish a strict change control process
Delayed approvals in module 3,Engage stakeholders early and get sign-offs scheduled
Supplier delays in module 9,Maintain buffer stock and develop secondary vendors
Integration challenges in module 8,Conduct integration testing early and frequently
Unclear objectives in module 2,Host alignment workshops with stakeholders
Lack of documentation in module 4,Enforce documentation standards and assign accountability
Scope creep in module 4,Establish a strict change control process
Over-ambitious deadlines in module 5,Re-baseline schedule using evidence-based estimation
Delayed approvals in module 1,Engage stakeholders early and get sign-offs scheduled
Unclear objectives in module 10,Host alignment workshops with stakeholders
Delayed approvals in module 4,Engage stakeholders early and get sign-offs scheduled
Lack of documentation in module 4,Enforce documentation standards and assign accountability
Ambiguous requirements in module 1,Use user stories and get early validation from users
Lack of documentation in module 2,Enforce documentation standards and assign accountability
Lack of documentation in module 7,Enforce documentation standards and assign accountability
Client indecisiveness in module 5,Schedule regular feedback checkpoints and align expectations
Over-ambitious deadlines in module 4,Re-baseline schedule using evidence-based estimation
Ambiguous requirements in module 6,Use user stories and get early validation from users
Overlapping roles in module 8,Clarify responsibilities with a RACI matrix
Overlapping roles in module 4,Clarify responsibilities with a RACI matrix
Integration challenges in module 5,Conduct integration testing early and frequently
Over-ambitious deadlines in module 3,Re-baseline schedule using evidence-based estimation
Technology debt in module 5,Allocate sprint capacity to refactor critical components
Delayed approvals in module 3,Engage stakeholders early and get sign-offs scheduled
Unfamiliar tech stack in module 1,Provide comprehensive training and onboarding
Integration challenges in module 1,Conduct integration testing early and frequently
Over-ambitious deadlines in module 2,Re-baseline schedule using evidence-based estimation
Poor communication in module 2,Use collaboration tools and conduct daily stand-ups
Client indecisiveness in module 3,Schedule regular feedback checkpoints and align expectations
Security concerns in module 2,Conduct a vulnerability assessment and use secure coding practices
Unfamiliar tech stack in module 4,Provide comprehensive training and onboarding
Overlapping roles in module 5,Clarify responsibilities with a RACI matrix
Ambiguous requirements in module 9,Use user stories and get early validation from users
Ambiguous requirements in module 9,Use user stories and get early validation from users
Scope creep in module 4,Establish a strict change control process
Budget cuts in module 5,Re-prioritize project scope based on ROI
Unfamiliar tech stack in module 9,Provide comprehensive training and onboarding
Lack of stakeholder engagement in module 6,Involve them in demo sessions and retrospectives
Unclear objectives in module 4,Host alignment workshops with stakeholders
Integration challenges in module 3,Conduct integration testing early and frequently
Inadequate QA in module 8,Increase QA staff and automate regression testing
Supplier delays in module 7,Maintain buffer stock and develop secondary vendors
Over-ambitious deadlines in module 1,Re-baseline schedule using evidence-based estimation
Security concerns in module 5,Conduct a vulnerability assessment and use secure coding practices
Lack of documentation in module 8,Enforce documentation standards and assign accountability
Unclear objectives in module 5,Host alignment workshops with stakeholders
Lack of stakeholder engagement in module 4,Involve them in demo sessions and retrospectives
Budget cuts in module 5,Re-prioritize project scope based on ROI
Scope creep in module 7,Establish a strict change control process
Budget cuts in module 3,Re-prioritize project scope based on ROI
Ambiguous requirements in module 5,Use user stories and get early validation from users
Performance issues in module 1,Optimize architecture and run performance benchmarks
Supplier delays in module 6,Maintain buffer stock and develop secondary vendors
Unclear objectives in module 9,Host alignment workshops with stakeholders
Over-ambitious deadlines in module 2,Re-baseline schedule using evidence-based estimation
Lack of documentation in module 8,Enforce documentation standards and assign accountability
Overlapping roles in module 5,Clarify responsibilities with a RACI matrix
Technology debt in module 10,Allocate sprint capacity to refactor critical components
Insufficient testing in module 8,Implement test-driven development and increase test coverage
Over-ambitious deadlines in module 4,Re-baseline schedule using evidence-based estimation
Over-ambitious deadlines in module 9,Re-baseline schedule using evidence-based estimation
Delayed approvals in module 3,Engage stakeholders early and get sign-offs scheduled
Lack of stakeholder engagement in module 6,Involve them in demo sessions and retrospectives
Integration challenges in module 1,Conduct integration testing early and frequently
Integration challenges in module 2,Conduct integration testing early and frequently
Insufficient testing in module 6,Implement test-driven development and increase test coverage
Overlapping roles in module 10,Clarify responsibilities with a RACI matrix
Overlapping roles in module 6,Clarify responsibilities with a RACI matrix
Lack of documentation in module 8,Enforce documentation standards and assign accountability
Lack of stakeholder engagement in module 4,Involve them in demo sessions and retrospectives
Supplier delays in module 8,Maintain buffer stock and develop secondary vendors
Supplier delays in module 2,Maintain buffer stock and develop secondary vendors
Delayed approvals in module 9,Engage stakeholders early and get sign-offs scheduled
Delayed approvals in module 2,Engage stakeholders early and get sign-offs scheduled
Unfamiliar tech stack in module 3,Provide comprehensive training and onboarding
Insufficient testing in module 4,Implement test-driven development and increase test coverage
Supplier delays in module 8,Maintain buffer stock and develop secondary vendors
Technology debt in module 1,Allocate sprint capacity to refactor critical components
Lack of stakeholder engagement in module 4,Involve them in demo sessions and retrospectives
Security concerns in module 3,Conduct a vulnerability assessment and use secure coding practices
Security concerns in module 3,Conduct a vulnerability assessment and use secure coding practices
Budget cuts in module 4,Re-prioritize project scope based on ROI
Inadequate QA in module 2,Increase QA staff and automate regression testing
Poor communication in module 10,Use collaboration tools and conduct daily stand-ups
Ambiguous requirements in module 3,Use user stories and get early validation from users
Lack of documentation in module 1,Enforce documentation standards and assign accountability
Integration challenges in module 10,Conduct integration testing early and frequently
Staff turnover in module 3,Document processes and develop internal talent pool
Security concerns in module 5,Conduct a vulnerability assessment and use secure coding practices
Inadequate QA in module 5,Increase QA staff and automate regression testing
Unclear objectives in module 1,Host alignment workshops with stakeholders
Inadequate QA in module 6,Increase QA staff and automate regression testing
Supplier delays in module 9,Maintain buffer stock and develop secondary vendors
Insufficient testing in module 2,Implement test-driven development and increase test coverage
Lack of documentation in module 10,Enforce documentation standards and assign accountability
Ambiguous requirements in module 8,Use user stories and get early validation from users
Technology debt in module 2,Allocate sprint capacity to refactor critical components
Over-ambitious deadlines in module 10,Re-baseline schedule using evidence-based estimation
Lack of stakeholder engagement in module 9,Involve them in demo sessions and retrospectives
Performance issues in module 3,Optimize architecture and run performance benchmarks
Lack of documentation in module 1,Enforce documentation standards and assign accountability
Performance issues in module 7,Optimize architecture and run performance benchmarks
Budget cuts in module 2,Re-prioritize project scope based on ROI
Supplier delays in module 1,Maintain buffer stock and develop secondary vendors
Scope creep in module 3,Establish a strict change control process
Poor communication in module 2,Use collaboration tools and conduct daily stand-ups
Security concerns in module 8,Conduct a vulnerability assessment and use secure coding practices
Inadequate QA in module 10,Increase QA staff and automate regression testing
Technology debt in module 9,Allocate sprint capacity to refactor critical components
Poor communication in module 1,Use collaboration tools and conduct daily stand-ups
Unfamiliar tech stack in module 10,Provide comprehensive training and onboarding
Client indecisiveness in module 10,Schedule regular feedback checkpoints and align expectations
Scope creep in module 3,Establish a strict change control process
Ambiguous requirements in module 9,Use user stories and get early validation from users
Scope creep in module 1,Establish a strict change control process
Scope creep in module 6,Establish a strict change control process
Staff turnover in module 4,Document processes and develop internal talent pool
Budget cuts in module 2,Re-prioritize project scope based on ROI
Supplier delays in module 10,Maintain buffer stock and develop secondary vendors
Scope creep in module 8,Establish a strict change control process
Integration challenges in module 1,Conduct integration testing early and frequently
Unclear objectives in module 3,Host alignment workshops with stakeholders
Unclear objectives in module 9,Host alignment workshops with stakeholders
Unfamiliar tech stack in module 1,Provide comprehensive training and onboarding
Supplier delays in module 6,Maintain buffer stock and develop secondary vendors
Ambiguous requirements in module 3,Use user stories and get early validation from users
Overlapping roles in module 5,Clarify responsibilities with a RACI matrix
Scope creep in module 2,Establish a strict change control process
Client indecisiveness in module 7,Schedule regular feedback checkpoints and align expectations
Staff turnover in module 3,Document processes and develop internal talent pool
Budget cuts in module 3,Re-prioritize project scope based on ROI
Technology debt in module 3,Allocate sprint capacity to refactor critical components
Poor communication in module 6,Use collaboration tools and conduct daily stand-ups
Integration challenges in module 8,Conduct integration testing early and frequently
Technology debt in module 7,Allocate sprint capacity to refactor critical components
Delayed approvals in module 1,Engage stakeholders early and get sign-offs scheduled
Poor communication in module 7,Use collaboration tools and conduct daily stand-ups
Over-ambitious deadlines in module 9,Re-baseline schedule using evidence-based estimation
Overlapping roles in module 7,Clarify responsibilities with a RACI matrix
Ambiguous requirements in module 3,Use user stories and get early validation from users
Performance issues in module 4,Optimize architecture and run performance benchmarks
Scope creep in module 6,Establish a strict change control process
Poor communication in module 3,Use collaboration tools and conduct daily stand-ups
Overlapping roles in module 1,Clarify responsibilities with a RACI matrix
Unfamiliar tech stack in module 1,Provide comprehensive training and onboarding
Ambiguous requirements in module 9,Use user stories and get early validation from users
Lack of stakeholder engagement in module 9,Involve them in demo sessions and retrospectives
Overlapping roles in module 3,Clarify responsibilities with a RACI matrix
Lack of documentation in module 1,Enforce documentation standards and assign accountability
Supplier delays in module 1,Maintain buffer stock and develop secondary vendors
Supplier delays in module 1,Maintain buffer stock and develop secondary vendors
Unfamiliar tech stack in module 2,Provide comprehensive training and onboarding
Poor communication in module 8,Use collaboration tools and conduct daily stand-ups
Supplier delays in module 4,Maintain buffer stock and develop secondary vendors
Unfamiliar tech stack in module 8,Provide comprehensive training and onboarding
Delayed approvals in module 1,Engage stakeholders early and get sign-offs scheduled
Supplier delays in module 10,Maintain buffer stock and develop secondary vendors
Client indecisiveness in module 5,Schedule regular feedback checkpoints and align expectations
Over-ambitious deadlines in module 1,Re-baseline schedule using evidence-based estimation
Budget cuts in module 8,Re-prioritize project scope based on ROI
Overlapping roles in module 10,Clarify responsibilities with a RACI matrix
Over-ambitious deadlines in module 8,Re-baseline schedule using evidence-based estimation
Unclear objectives in module 2,Host alignment workshops with stakeholders
Overlapping roles in module 2,Clarify responsibilities with a RACI matrix
Unclear objectives in module 10,Host alignment workshops with stakeholders
Performance issues in module 9,Optimize architecture and run performance benchmarks
Technology debt in module 4,Allocate sprint capacity to refactor critical components
Budget cuts in module 8,Re-prioritize project scope based on ROI
Supplier delays in module 9,Maintain buffer stock and develop secondary vendors
Security concerns in module 6,Conduct a vulnerability assessment and use secure coding practices
Lack of stakeholder engagement in module 4,Involve them in demo sessions and retrospectives
Scope creep in module 8,Establish a strict change control process
Overlapping roles in module 8,Clarify responsibilities with a RACI matrix
Over-ambitious deadlines in module 8,Re-baseline schedule using evidence-based estimation
Insufficient testing in module 3,Implement test-driven development and increase test coverage
Client indecisiveness in module 5,Schedule regular feedback checkpoints and align expectations
Technology debt in module 7,Allocate sprint capacity to refactor critical components
Supplier delays in module 2,Maintain buffer stock and develop secondary vendors
Client indecisiveness in module 5,Schedule regular feedback checkpoints and align expectations
Technology debt in module 4,Allocate sprint capacity to refactor critical components
Insufficient testing in module 8,Implement test-driven development and increase test coverage
Lack of stakeholder engagement in module 10,Involve them in demo sessions and retrospectives
Scope creep in module 2,Establish a strict change control process
Scope creep in module 7,Establish a strict change control process
Over-ambitious deadlines in module 9,Re-baseline schedule using evidence-based estimation
Unclear objectives in module 5,Host alignment workshops with stakeholders
Integration challenges in module 8,Conduct integration testing early and frequently
Over-ambitious deadlines in module 9,Re-baseline schedule using evidence-based estimation
Technology debt in module 5,Allocate sprint capacity to refactor critical components
Poor communication in module 9,Use collaboration tools and conduct daily stand-ups
Over-ambitious deadlines in module 6,Re-baseline schedule using evidence-based estimation
Ambiguous requirements in module 1,Use user stories and get early validation from users
Technology debt in module 2,Allocate sprint capacity to refactor critical components
Technology debt in module 7,Allocate sprint capacity to refactor critical components
Inadequate QA in module 8,Increase QA staff and automate regression testing
Performance issues in module 4,Optimize architecture and run performance benchmarks
Inadequate QA in module 3,Increase QA staff and automate regression testing
Integration challenges in module 5,Conduct integration testing early and frequently
Client indecisiveness in module 3,Schedule regular feedback checkpoints and align expectations
Unfamiliar tech stack in module 3,Provide comprehensive training and onboarding
Technology debt in module 7,Allocate sprint capacity to refactor critical components
Inadequate QA in module 8,Increase QA staff and automate regression testing
Delayed approvals in module 9,Engage stakeholders early and get sign-offs scheduled
Integration challenges in module 2,Conduct integration testing early and frequently
Staff turnover in module 1,Document processes and develop internal talent pool
Ambiguous requirements in module 3,Use user stories and get early validation from users
Delayed approvals in module 1,Engage stakeholders early and get sign-offs scheduled
Poor communication in module 7,Use collaboration tools and conduct daily stand-ups
Integration challenges in module 4,Conduct integration testing early and frequently
Ambiguous requirements in module 6,Use user stories and get early validation from users
Lack of stakeholder engagement in module 6,Involve them in demo sessions and retrospectives
Lack of stakeholder engagement in module 6,Involve them in demo sessions and retrospectives
Lack of stakeholder engagement in module 10,Involve them in demo sessions and retrospectives
Lack of stakeholder engagement in module 10,Involve them in demo sessions and retrospectives
Budget cuts in module 3,Re-prioritize project scope based on ROI
Supplier delays in module 10,Maintain buffer stock and develop secondary vendors
Technology debt in module 8,Allocate sprint capacity to refactor critical components
Scope creep in module 4,Establish a strict change control process
Ambiguous requirements in module 9,Use user stories and get early validation from users
Supplier delays in module 10,Maintain buffer stock and develop secondary vendors
